{
  "project_info": {
    "project_number": "963286996621",
    "firebase_url": "https://grokisan-aaaa8.firebaseio.com",
    "project_id": "grokisan-aaaa8",
    "storage_bucket": "grokisan-aaaa8.appspot.com"
  },
  "client": [
    {
      "client_info": {
        "mobilesdk_app_id": "1:963286996621:android:15efcb395c4da498",
        "android_client_info": {
          "package_name": "com.efunhub.grokisan"
        }
      },
      "oauth_client": [
        {
          "client_id": "963286996621-sfps2i29hf6omtj7uf8p50qmjum2gssb.apps.googleusercontent.com",
          "client_type": 3
        }
      ],
      "api_key": [
        {
          "current_key": "AIzaSyCnkZsZzlvHX8_v5AX-R_ECdtBA9Y4SLbc"
        }
      ],
      "services": {
        "appinvite_service": {
          "other_platform_oauth_client": [
            {
              "client_id": "963286996621-sfps2i29hf6omtj7uf8p50qmjum2gssb.apps.googleusercontent.com",
              "client_type": 3
            }
          ]
        }
      }
    }
  ],
  "configuration_version": "1"
}